Create database LOJAESPORTE;

USE LOJAESPORTE;

create table CATEGORIAPRODUTO
(
  CODCATEGORIAPRODUTO INTEGER not null,
  DESCATEGORIAPRODUTO VARCHAR(40)
)
;
alter table CATEGORIAPRODUTO
  add constraint PK_CATEGORIAPRODUTO primary key (CODCATEGORIAPRODUTO);


create table TIPOCLIENTE
(
  CODTIPOCLIENTE INTEGER not null,
  DESTIPOCLIENTE VARCHAR(6)
)
;
alter table TIPOCLIENTE
  add constraint PK_TIPOCLIENTE primary key (CODTIPOCLIENTE);

create table CLIENTE
(
  CODCLIENTE       INTEGER not null,
  NOMECLIENTE      VARCHAR(40),
  EMAILCLIENTE     VARCHAR(50),
  TELEFONECLIENTE  VARCHAR(12),
  DESCRICAOCLIENTE VARCHAR(300),
  CEPCLIENTE       VARCHAR(9),
  RUA              VARCHAR(30),
  NUMEROEND        INTEGER,
  COMPLEMENTOEND   VARCHAR(20),
  CIDADECLIENTE    VARCHAR(40),
  CODESTADO        VARCHAR(2),
  CODTIPOCLIENTE   INTEGER NOT NULL
)
;
alter table CLIENTE
  add constraint PK_CLIENTE primary key (CODCLIENTE);
alter table CLIENTE
  add constraint FK_TIPOCLIENTE_CLIENTE foreign key (CODTIPOCLIENTE)
  references TIPOCLIENTE (CODTIPOCLIENTE);


create table FORMAPAGAMENTO
(
  CODFORMAPAGAMENTO INTEGER not null,
  DESFORMAPAGAMENTO VARCHAR(50)
)
;
alter table FORMAPAGAMENTO
  add constraint PK_FORMAPAGAMENTO primary key (CODFORMAPAGAMENTO);


create table PEDIDO
(
  CODPEDIDO   INTEGER not null,
  DATAPEDIDO  DATE,
  
  CODCLIENTE  INTEGER
)
;
alter table PEDIDO
  add constraint PK_PEDIDO primary key (CODPEDIDO);
alter table PEDIDO
  add constraint FK_CLIENTE_PEDIDO foreign key (CODCLIENTE)
  references CLIENTE (CODCLIENTE);


create table PRODUTO
(
  CODPRODUTO          INTEGER not null,
  NOMEPRODUTO         VARCHAR(40),
  PRECOPRODUTO        NUMERIC(10,5),
  CODCATEGORIAPRODUTO INTEGER
)
;
alter table PRODUTO
  add constraint PK_PRODUTO primary key (CODPRODUTO);
alter table PRODUTO
  add constraint FK_CATEGORIAPRODUTO_PRODUTO foreign key (CODCATEGORIAPRODUTO)
  references CATEGORIAPRODUTO (CODCATEGORIAPRODUTO);


create table ITEM
(
  CODPEDIDO         INTEGER not null,
  CODPRODUTO        INTEGER not null,
  QUANTIDADEITEM    INTEGER,
  VALORUNITARIOITEM NUMERIC(10,5)
)
;
alter table ITEM
  add constraint PK_ITEM primary key (CODPEDIDO, CODPRODUTO);
alter table ITEM
  add constraint FK_PEDIDO_ITEM foreign key (CODPEDIDO)
  references PEDIDO (CODPEDIDO);
alter table ITEM
  add constraint FK_PRODUTO_ITEM foreign key (CODPRODUTO)
  references PRODUTO (CODPRODUTO);


create table PAGAMENTO
(
  CODPEDIDO         INTEGER not null,
  CODFORMAPAGAMENTO INTEGER not null,
  DATAPAGAMENTO     DATE,
  VALORPAGAMENTO    NUMERIC(10,5)
)
;
alter table PAGAMENTO
  add constraint PK_PAGAMENTO primary key (CODPEDIDO, CODFORMAPAGAMENTO);
alter table PAGAMENTO
  add constraint FK_FORMAPAGAMENTO_PAGAMENTO foreign key (CODFORMAPAGAMENTO)
  references FORMAPAGAMENTO (CODFORMAPAGAMENTO);
alter table PAGAMENTO
  add constraint FK_PEDIDO_PAGAMENTO foreign key (CODPEDIDO)
  references PEDIDO (CODPEDIDO);


delete from PAGAMENTO;

delete from ITEM;

delete from PRODUTO;

delete from PEDIDO;

delete from FORMAPAGAMENTO;

delete from CLIENTE;

delete from TIPOCLIENTE;

delete from CATEGORIAPRODUTO;


insert into CATEGORIAPRODUTO (CODCATEGORIAPRODUTO, DESCATEGORIAPRODUTO)
values (10, 'Adventure');
insert into CATEGORIAPRODUTO (CODCATEGORIAPRODUTO, DESCATEGORIAPRODUTO)
values (20, 'Artes Marciais');
insert into CATEGORIAPRODUTO (CODCATEGORIAPRODUTO, DESCATEGORIAPRODUTO)
values (30, 'Automobilismo');
insert into CATEGORIAPRODUTO (CODCATEGORIAPRODUTO, DESCATEGORIAPRODUTO)
values (40, 'Basquete');
insert into CATEGORIAPRODUTO (CODCATEGORIAPRODUTO, DESCATEGORIAPRODUTO)
values (50, 'Bikes');
insert into CATEGORIAPRODUTO (CODCATEGORIAPRODUTO, DESCATEGORIAPRODUTO)
values (60, 'Casual');
insert into CATEGORIAPRODUTO (CODCATEGORIAPRODUTO, DESCATEGORIAPRODUTO)
values (70, 'Fitness');
insert into CATEGORIAPRODUTO (CODCATEGORIAPRODUTO, DESCATEGORIAPRODUTO)
values (80, 'Futebol');
insert into CATEGORIAPRODUTO (CODCATEGORIAPRODUTO, DESCATEGORIAPRODUTO)
values (90, 'Golfe');
insert into CATEGORIAPRODUTO (CODCATEGORIAPRODUTO, DESCATEGORIAPRODUTO)
values (100, 'Handebol');
insert into CATEGORIAPRODUTO (CODCATEGORIAPRODUTO, DESCATEGORIAPRODUTO)
values (110, 'Jogos de Mesa');
insert into CATEGORIAPRODUTO (CODCATEGORIAPRODUTO, DESCATEGORIAPRODUTO)
values (120, 'Running');
insert into CATEGORIAPRODUTO (CODCATEGORIAPRODUTO, DESCATEGORIAPRODUTO)
values (130, 'Skate');
insert into CATEGORIAPRODUTO (CODCATEGORIAPRODUTO, DESCATEGORIAPRODUTO)
values (140, 'Tennis e Squash');
insert into CATEGORIAPRODUTO (CODCATEGORIAPRODUTO, DESCATEGORIAPRODUTO)
values (150, 'Trainning');



insert into TIPOCLIENTE (CODTIPOCLIENTE, DESTIPOCLIENTE)
values (10, 'OURO');
insert into TIPOCLIENTE (CODTIPOCLIENTE, DESTIPOCLIENTE)
values (20, 'PRATA');
insert into TIPOCLIENTE (CODTIPOCLIENTE, DESTIPOCLIENTE)
values (30, 'BRONZE');
insert into TIPOCLIENTE (CODTIPOCLIENTE, DESTIPOCLIENTE)
values (40, 'NORMAL');


insert into CLIENTE (CODCLIENTE, NOMECLIENTE, EMAILCLIENTE, TELEFONECLIENTE, DESCRICAOCLIENTE, CEPCLIENTE, RUA, NUMEROEND, COMPLEMENTOEND, CIDADECLIENTE, CODESTADO, CODTIPOCLIENTE)
values (11, 'Aaron Nelson Lopes', 'aaronnl@lojaesportes.com.br', '31 33111001', 'Primeiro cliente cadastrado na Loja Esportes', '30000000', 'Rua Augusta', 10, 'casa', 'Belo Horizonte', 'MG', 10);
insert into CLIENTE (CODCLIENTE, NOMECLIENTE, EMAILCLIENTE, TELEFONECLIENTE, DESCRICAOCLIENTE, CEPCLIENTE, RUA, NUMEROEND, COMPLEMENTOEND, CIDADECLIENTE, CODESTADO, CODTIPOCLIENTE)
values (21, 'Estefano João Del Rei Belo da Silva', 'estefanojs@lojaesportes.com.br', '31 33111002', 'Segundo cliente cadastrado na Loja' + ' ' + 'Esportes', '30000000', 'Rua Mata', 100, 'apto 1604b', 'Belo Horizonte', 'MG', 10);
insert into CLIENTE (CODCLIENTE, NOMECLIENTE, EMAILCLIENTE, TELEFONECLIENTE, DESCRICAOCLIENTE, CEPCLIENTE, RUA, NUMEROEND, COMPLEMENTOEND, CIDADECLIENTE, CODESTADO, CODTIPOCLIENTE)
values (31, 'Evandro macahuba', 'evandromac@lojaesportes.com.br', '31 33111003', 'Cliente cadastrado na Loja Esportes em' + ' ' + 'feirão', '30000000', 'Avenida Amazonas', 100, 'apto 202', 'Belo Horizonte', 'MG', 20);
insert into CLIENTE (CODCLIENTE, NOMECLIENTE, EMAILCLIENTE, TELEFONECLIENTE, DESCRICAOCLIENTE, CEPCLIENTE, RUA, NUMEROEND, COMPLEMENTOEND, CIDADECLIENTE, CODESTADO, CODTIPOCLIENTE)
values (41, 'Fabiana de Araújo Delfino', 'fabianaadel@lojaesportes.com.br', '31 33111011', 'Cliente cadastrado na Loja Esportes em' + ' ' + 'liquidação', '30000000', 'Rua Carlos Prates', 25, 'casa', 'Belo Horizonte', 'MG', 40);
insert into CLIENTE (CODCLIENTE, NOMECLIENTE, EMAILCLIENTE, TELEFONECLIENTE, DESCRICAOCLIENTE, CEPCLIENTE, RUA, NUMEROEND, COMPLEMENTOEND, CIDADECLIENTE, CODESTADO, CODTIPOCLIENTE)
values (51, 'Fabio Benevides de Barros', 'fabiobene@lojaesportes.com.br', '31 33111021', 'Cliente cadastrado na Loja Esportes em' + ' ' + 'feirão', '30000000', 'Rua Montes Claros', 325, 'apto 1502A', 'Belo Horizonte', 'MG', 30);
insert into CLIENTE (CODCLIENTE, NOMECLIENTE, EMAILCLIENTE, TELEFONECLIENTE, DESCRICAOCLIENTE, CEPCLIENTE, RUA, NUMEROEND, COMPLEMENTOEND, CIDADECLIENTE, CODESTADO, CODTIPOCLIENTE)
values (61, 'Felipe Alves de Souza', 'felipeasouza@lojaesportes.com.br', '31 33111031', 'Cliente cadastrado na Loja Esportes em' + ' ' + 'liquidação', '30000000', 'Rua Leopoldina', 1, 'casa', 'São Paulo','SP', 20);
insert into CLIENTE (CODCLIENTE, NOMECLIENTE, EMAILCLIENTE, TELEFONECLIENTE, DESCRICAOCLIENTE, CEPCLIENTE, RUA, NUMEROEND, COMPLEMENTOEND, CIDADECLIENTE, CODESTADO, CODTIPOCLIENTE)
values (71, 'Henrique de Pedro', 'henriquepe@lojaesportes.com.br', '31 33111041', 'Cliente cadastrado na Loja Esportes  em' + ' ' + 'liquidação', '30000000', 'Avenida Augusta', 1000, 'apto 1503', 'São Paulo','SP', 30);
insert into CLIENTE (CODCLIENTE, NOMECLIENTE, EMAILCLIENTE, TELEFONECLIENTE, DESCRICAOCLIENTE, CEPCLIENTE, RUA, NUMEROEND, COMPLEMENTOEND, CIDADECLIENTE, CODESTADO, CODTIPOCLIENTE)
values (81, 'Homero Caporali Campos', 'homerocapo@lojaesportes.com.br', '31 33111051', 'Cliente cadastrado na Loja Esportes em' + ' ' + 'feirão', '30000000', 'Rua Vicente', 300, 'apto 201', 'São Paulo','SP', 40);
insert into CLIENTE (CODCLIENTE, NOMECLIENTE, EMAILCLIENTE, TELEFONECLIENTE, DESCRICAOCLIENTE, CEPCLIENTE, RUA, NUMEROEND, COMPLEMENTOEND, CIDADECLIENTE, CODESTADO, CODTIPOCLIENTE)
values (91, 'Igor Araujo Costa', 'igorac@lojaesportes.com.br', '31 33111061', 'Cliente cadastrado na Loja Esportes em' + ' ' + 'liquidação', '30000000', 'Rua Sao Paulo', 24, 'casa', 'Rio de Janeiro','RJ', 10);
insert into CLIENTE (CODCLIENTE, NOMECLIENTE, EMAILCLIENTE, TELEFONECLIENTE, DESCRICAOCLIENTE, CEPCLIENTE, RUA, NUMEROEND, COMPLEMENTOEND, CIDADECLIENTE, CODESTADO, CODTIPOCLIENTE)
values (10, 'Renato dias de Souza', 'renatodsouza@lojaesportes.com.br', '31 33111071', 'Cliente cadastrado na Loja Esportes em' + ' ' + 'feirão', '30000000', 'Rua Luciana Lana', 32, 'apto 2002', 'Rio de Janeiro','RJ', 20);
insert into CLIENTE (CODCLIENTE, NOMECLIENTE, EMAILCLIENTE, TELEFONECLIENTE, DESCRICAOCLIENTE, CEPCLIENTE, RUA, NUMEROEND, COMPLEMENTOEND, CIDADECLIENTE, CODESTADO, CODTIPOCLIENTE)
values (20, 'ana', 'ana@lojaesportes.com.br', '31 33111071', 'consumidora ficha limpa', '30000000', 'Rua Lagoa da Prata', 126, 'casa', 'Rio de Janeiro','RJ', 20);
insert into CLIENTE (CODCLIENTE, NOMECLIENTE, EMAILCLIENTE, TELEFONECLIENTE, DESCRICAOCLIENTE, CEPCLIENTE, RUA, NUMEROEND, COMPLEMENTOEND, CIDADECLIENTE, CODESTADO, CODTIPOCLIENTE)
values (30, 'Daiane', 'Daiane@lojaesportes.com.br', '31 33111001', 'cliente cadastrado na Loja Esportes', '30000000', 'Rua Argelia', 40, 'casa', 'Belo Horizonte', 'MG', 10);
insert into CLIENTE (CODCLIENTE, NOMECLIENTE, EMAILCLIENTE, TELEFONECLIENTE, DESCRICAOCLIENTE, CEPCLIENTE, RUA, NUMEROEND, COMPLEMENTOEND, CIDADECLIENTE, CODESTADO, CODTIPOCLIENTE)
values (40, 'daniele', 'daniele@lojaesportes.com.br', '31 33111002', ' cliente cadastrado na Loja' + ' ' + 'Esportes', '30000000', 'Rua Oto Santos', 23, 'casa', 'Belo Horizonte', 'MG', 10);
insert into CLIENTE (CODCLIENTE, NOMECLIENTE, EMAILCLIENTE, TELEFONECLIENTE, DESCRICAOCLIENTE, CEPCLIENTE, RUA, NUMEROEND, COMPLEMENTOEND, CIDADECLIENTE, CODESTADO, CODTIPOCLIENTE)
values (46, 'roberto', 'roberto@lojaesportes.com.br', '31 33111031', 'Cliente cadastrado na Loja Esportes em' + ' ' + 'liquidação', '30000000', 'Rua Cristina', 101, 'apto101', 'São Paulo','SP', 20);


insert into FORMAPAGAMENTO (CODFORMAPAGAMENTO, DESFORMAPAGAMENTO)
values (10, 'DINHEIRO');
insert into FORMAPAGAMENTO (CODFORMAPAGAMENTO, DESFORMAPAGAMENTO)
values (20, 'CARTÃO CRÉDITO');
insert into FORMAPAGAMENTO (CODFORMAPAGAMENTO, DESFORMAPAGAMENTO)
values (30, 'CARTÃO DÉBITO');
insert into FORMAPAGAMENTO (CODFORMAPAGAMENTO, DESFORMAPAGAMENTO)
values (40, 'CHEQUE');
insert into FORMAPAGAMENTO (CODFORMAPAGAMENTO, DESFORMAPAGAMENTO)
values (50, 'BOLETO');

insert into PEDIDO (CODPEDIDO, DATAPEDIDO, CODCLIENTE)
values (1, '11-11-2019',  11);
insert into PEDIDO (CODPEDIDO, DATAPEDIDO,  CODCLIENTE)
values (2,  '12-11-2019', 21);
insert into PEDIDO (CODPEDIDO, DATAPEDIDO,  CODCLIENTE)
values (3,  '13-11-2019', 31);
insert into PEDIDO (CODPEDIDO, DATAPEDIDO,  CODCLIENTE)
values (4,  '14-11-2019', 31);
insert into PEDIDO (CODPEDIDO, DATAPEDIDO,  CODCLIENTE)
values (5,  '15-11-2019', 31);
insert into PEDIDO (CODPEDIDO, DATAPEDIDO,  CODCLIENTE)
values (6,  '16-11-2019', 41);
insert into PEDIDO (CODPEDIDO, DATAPEDIDO,  CODCLIENTE)
values (7,  '17-11-2019', 51);
insert into PEDIDO (CODPEDIDO, DATAPEDIDO,  CODCLIENTE)
values (8,  '18-11-2019', 61);
insert into PEDIDO (CODPEDIDO, DATAPEDIDO,  CODCLIENTE)
values (9,  '19-11-2019', 71);
insert into PEDIDO (CODPEDIDO, DATAPEDIDO,  CODCLIENTE)
values (10,  '20-11-2019', 81);
insert into PEDIDO (CODPEDIDO, DATAPEDIDO,  CODCLIENTE)
values (11,  '01-02-2020', 91);
insert into PEDIDO (CODPEDIDO, DATAPEDIDO,  CODCLIENTE)
values (12,  '02-02-2020', 10);
insert into PEDIDO (CODPEDIDO, DATAPEDIDO,  CODCLIENTE)
values (13,  '03-02-2020', 10);
insert into PEDIDO (CODPEDIDO, DATAPEDIDO,  CODCLIENTE)
values (14,  '04-02-2020', 10);
insert into PEDIDO (CODPEDIDO, DATAPEDIDO,  CODCLIENTE)
values (15,  '05-02-2020', 21);
insert into PEDIDO (CODPEDIDO, DATAPEDIDO,  CODCLIENTE)
values (16,  '06-02-2020', 21);
insert into PEDIDO (CODPEDIDO, DATAPEDIDO,  CODCLIENTE)
values (17,  '07-02-2020', 21);
insert into PEDIDO (CODPEDIDO, DATAPEDIDO,  CODCLIENTE)
values (18,  '08-02-2020', 41);
insert into PEDIDO (CODPEDIDO, DATAPEDIDO,  CODCLIENTE)
values (19,  '09-02-2020', 41);
insert into PEDIDO (CODPEDIDO, DATAPEDIDO,  CODCLIENTE)
values (20,  '10-02-2020', 71);
insert into PEDIDO (CODPEDIDO, DATAPEDIDO,  CODCLIENTE)
values (21,  '11-02-2020', 81);
insert into PEDIDO (CODPEDIDO, DATAPEDIDO,  CODCLIENTE)
values (22,  '12-02-2020' , 91);
insert into PEDIDO (CODPEDIDO, DATAPEDIDO,  CODCLIENTE)
values (41,  '11-11-2018', 20);
insert into PEDIDO (CODPEDIDO, DATAPEDIDO,  CODCLIENTE)
values (43,  '13-11-2018', 31);
insert into PEDIDO (CODPEDIDO, DATAPEDIDO,  CODCLIENTE)
values (44,  '14-11-2018', 30);
insert into PEDIDO (CODPEDIDO, DATAPEDIDO,  CODCLIENTE)
values (45,  '15-11-2018', 31);
insert into PEDIDO (CODPEDIDO, DATAPEDIDO,  CODCLIENTE)
values (46,  '16-11-2018', 20);
insert into PEDIDO (CODPEDIDO, DATAPEDIDO,  CODCLIENTE)
values (47,  '17-11-2018', 30);
insert into PEDIDO (CODPEDIDO, DATAPEDIDO,  CODCLIENTE)
values (48,  '18-11-2018', 61);
insert into PEDIDO (CODPEDIDO, DATAPEDIDO,  CODCLIENTE)
values (49,  '19-11-2018' , 30);
insert into PEDIDO (CODPEDIDO, DATAPEDIDO,  CODCLIENTE)
values (30,  '20-11-2018' , 30);
insert into PEDIDO (CODPEDIDO, DATAPEDIDO,  CODCLIENTE)
values (31,  '01-02-2018', 20);
insert into PEDIDO (CODPEDIDO, DATAPEDIDO,  CODCLIENTE)
values (32,  '02-02-2018' , 10);
insert into PEDIDO (CODPEDIDO, DATAPEDIDO,  CODCLIENTE)
values (33,  '03-02-2018' , 10);
insert into PEDIDO (CODPEDIDO, DATAPEDIDO,  CODCLIENTE)
values (34,  '04-02-2018' , 10);
insert into PEDIDO (CODPEDIDO, DATAPEDIDO,  CODCLIENTE)
values (35,  '05-02-2018' , 20);
insert into PEDIDO (CODPEDIDO, DATAPEDIDO,  CODCLIENTE)
values (36,  '06-02-2018' , 20);
insert into PEDIDO (CODPEDIDO, DATAPEDIDO,  CODCLIENTE)
values (37,  '07-02-2018' , 20);
insert into PEDIDO (CODPEDIDO, DATAPEDIDO,  CODCLIENTE)
values (38,  '08-02-2018', 46);
insert into PEDIDO (CODPEDIDO, DATAPEDIDO,  CODCLIENTE)
values (39,  '09-02-2018' , 46);
insert into PEDIDO (CODPEDIDO, DATAPEDIDO,  CODCLIENTE)
values (50,  '10-02-2018', 30);
insert into PEDIDO (CODPEDIDO, DATAPEDIDO,  CODCLIENTE)
values (51,  '11-02-2018', 46);
insert into PEDIDO (CODPEDIDO, DATAPEDIDO,  CODCLIENTE)
values (52,  '12-02-2018', 46);
insert into PEDIDO (CODPEDIDO, DATAPEDIDO,  CODCLIENTE)
values (102,  '25-10-2018' , 71);
insert into PEDIDO (CODPEDIDO, DATAPEDIDO,  CODCLIENTE)
values (103,  '28-10-2018' , 71);
insert into PEDIDO (CODPEDIDO, DATAPEDIDO,  CODCLIENTE)
values (104,  '31-10-2018' , 71);
insert into PEDIDO (CODPEDIDO, DATAPEDIDO,  CODCLIENTE)
values (100,  '25-11-2018', 61);
insert into PEDIDO (CODPEDIDO, DATAPEDIDO,  CODCLIENTE)
values (101,  '28-11-2018', 61);
insert into PEDIDO (CODPEDIDO, DATAPEDIDO,  CODCLIENTE)
values (105,  '25-01-2019', 81);
insert into PEDIDO (CODPEDIDO, DATAPEDIDO,  CODCLIENTE)
values (106,  '20-01-2019', 81);
insert into PEDIDO (CODPEDIDO, DATAPEDIDO,  CODCLIENTE)
values (107,  '11-01-2019', 81);
insert into PEDIDO (CODPEDIDO, DATAPEDIDO,  CODCLIENTE)
values (108,  '16-01-2019', 81);


insert into PRODUTO (CODPRODUTO, NOMEPRODUTO, PRECOPRODUTO, CODCATEGORIAPRODUTO)
values (11, 'Sacola Gymsack Pet', 29, 80);
insert into PRODUTO (CODPRODUTO, NOMEPRODUTO, PRECOPRODUTO, CODCATEGORIAPRODUTO)
values (12, 'Monitor Cardíaco Heart', 149, 140);
insert into PRODUTO (CODPRODUTO, NOMEPRODUTO, PRECOPRODUTO, CODCATEGORIAPRODUTO)
values (13, 'Jaqueta Tracktop', 99, 150);
insert into PRODUTO (CODPRODUTO, NOMEPRODUTO, PRECOPRODUTO, CODCATEGORIAPRODUTO)
values (14, 'Tênis Shoes', 129, 150);
insert into PRODUTO (CODPRODUTO, NOMEPRODUTO, PRECOPRODUTO, CODCATEGORIAPRODUTO)
values (15, 'Simulador de Caminhada Training', 349, 150);
insert into PRODUTO (CODPRODUTO, NOMEPRODUTO, PRECOPRODUTO, CODCATEGORIAPRODUTO)
values (16, 'Colchonete Polimetrico', 45, 120);
insert into PRODUTO (CODPRODUTO, NOMEPRODUTO, PRECOPRODUTO, CODCATEGORIAPRODUTO)
values (17, 'Camisa Esportiva', 99, 150);
insert into PRODUTO (CODPRODUTO, NOMEPRODUTO, PRECOPRODUTO, CODCATEGORIAPRODUTO)
values (18, 'Camisa Esportiva Manga Longa', 169, 150);
insert into PRODUTO (CODPRODUTO, NOMEPRODUTO, PRECOPRODUTO, CODCATEGORIAPRODUTO)
values (19, 'Camisa Oficial do Brasil', 229, 80);
insert into PRODUTO (CODPRODUTO, NOMEPRODUTO, PRECOPRODUTO, CODCATEGORIAPRODUTO)
values (110, 'Tênis Runner', 159, 150);
insert into PRODUTO (CODPRODUTO, NOMEPRODUTO, PRECOPRODUTO, CODCATEGORIAPRODUTO)
values (111, 'Tênis Mountain', 89, 150);
insert into PRODUTO (CODPRODUTO, NOMEPRODUTO, PRECOPRODUTO, CODCATEGORIAPRODUTO)
values (112, 'Calça NBA', 49, 40);
insert into PRODUTO (CODPRODUTO, NOMEPRODUTO, PRECOPRODUTO, CODCATEGORIAPRODUTO)
values (113, 'Agasalho NBA', 59, 150);
insert into PRODUTO (CODPRODUTO, NOMEPRODUTO, PRECOPRODUTO, CODCATEGORIAPRODUTO)
values (114, 'Bola Baller', 34, 150);
insert into PRODUTO (CODPRODUTO, NOMEPRODUTO, PRECOPRODUTO, CODCATEGORIAPRODUTO)
values (115, 'Skate Stick Up Cop 7.7', 149, 130);
insert into PRODUTO (CODPRODUTO, NOMEPRODUTO, PRECOPRODUTO, CODCATEGORIAPRODUTO)
values (116, 'Skate Skulls 7.875', 259, 130);
insert into PRODUTO (CODPRODUTO, NOMEPRODUTO, PRECOPRODUTO, CODCATEGORIAPRODUTO)
values (117, 'Tênis Vulc Mid', 299, 150);
insert into PRODUTO (CODPRODUTO, NOMEPRODUTO, PRECOPRODUTO, CODCATEGORIAPRODUTO)
values (118, 'Sk8 Tron 814', 2815, 140);
insert into PRODUTO (CODPRODUTO, NOMEPRODUTO, PRECOPRODUTO, CODCATEGORIAPRODUTO)
values (119, 'Capacete SkateBoards', 77, 140);
insert into PRODUTO (CODPRODUTO, NOMEPRODUTO, PRECOPRODUTO, CODCATEGORIAPRODUTO)
values (120, 'Boné Washington DC', 49, 150);
insert into PRODUTO (CODPRODUTO, NOMEPRODUTO, PRECOPRODUTO, CODCATEGORIAPRODUTO)
values (121, 'Boné New Style Black', 99, 150);
insert into PRODUTO (CODPRODUTO, NOMEPRODUTO, PRECOPRODUTO, CODCATEGORIAPRODUTO)
values (122, 'Bicicleta Aluminium 2015 Aro 26', 399, 50);
insert into PRODUTO (CODPRODUTO, NOMEPRODUTO, PRECOPRODUTO, CODCATEGORIAPRODUTO)
values (123, 'Bicicleta T-Type Aro 26', 1049, 50);
insert into PRODUTO (CODPRODUTO, NOMEPRODUTO, PRECOPRODUTO, CODCATEGORIAPRODUTO)
values (124, 'Bomba H Dupla Ação', 24, 50);
insert into PRODUTO (CODPRODUTO, NOMEPRODUTO, PRECOPRODUTO, CODCATEGORIAPRODUTO)
values (125, 'Sapatilha Aerospeed', 439, 150);
insert into PRODUTO (CODPRODUTO, NOMEPRODUTO, PRECOPRODUTO, CODCATEGORIAPRODUTO)
values (126, 'Tênis Drive', 199, 150);
insert into PRODUTO (CODPRODUTO, NOMEPRODUTO, PRECOPRODUTO, CODCATEGORIAPRODUTO)
values (127, 'Testeira NX', 14, 150);
insert into PRODUTO (CODPRODUTO, NOMEPRODUTO, PRECOPRODUTO, CODCATEGORIAPRODUTO)
values (128, 'Bola de Tennis Championship Gold', 16, 140);
insert into PRODUTO (CODPRODUTO, NOMEPRODUTO, PRECOPRODUTO, CODCATEGORIAPRODUTO)
values (129, 'Camiseta New Dry-Fit', 49, 50);
insert into PRODUTO (CODPRODUTO, NOMEPRODUTO, PRECOPRODUTO, CODCATEGORIAPRODUTO)
values (130, 'Mochila Ferrari', 149, 60);
insert into PRODUTO (CODPRODUTO, NOMEPRODUTO, PRECOPRODUTO, CODCATEGORIAPRODUTO)
values (131, 'Tênis Urban Racer SF', 378, 140);
insert into PRODUTO (CODPRODUTO, NOMEPRODUTO, PRECOPRODUTO, CODCATEGORIAPRODUTO)
values (132, 'Tênis Place Cat', 249, 70);
insert into PRODUTO (CODPRODUTO, NOMEPRODUTO, PRECOPRODUTO, CODCATEGORIAPRODUTO)
values (133, 'Bolsa SF Medium Team Bag', 328, 140);
insert into PRODUTO (CODPRODUTO, NOMEPRODUTO, PRECOPRODUTO, CODCATEGORIAPRODUTO)
values (134, 'Tênis Tube Explosion', 99, 150);
insert into PRODUTO (CODPRODUTO, NOMEPRODUTO, PRECOPRODUTO, CODCATEGORIAPRODUTO)
values (135, 'Kit Tatame Premium 9', 639, 120);
insert into PRODUTO (CODPRODUTO, NOMEPRODUTO, PRECOPRODUTO, CODCATEGORIAPRODUTO)
values (136, 'Kimono Jiu-Jitsu Série Gold', 225, 120);
insert into PRODUTO (CODPRODUTO, NOMEPRODUTO, PRECOPRODUTO, CODCATEGORIAPRODUTO)
values (137, 'Kimono Jiu-Jitsu Série Standart', 199, 120);
insert into PRODUTO (CODPRODUTO, NOMEPRODUTO, PRECOPRODUTO, CODCATEGORIAPRODUTO)
values (138, 'Luva de Boxe 16 oz', 109, 120);
insert into PRODUTO (CODPRODUTO, NOMEPRODUTO, PRECOPRODUTO, CODCATEGORIAPRODUTO)
values (139, 'Faixa Ponta Preta - Branca', 25, 140);
insert into PRODUTO (CODPRODUTO, NOMEPRODUTO, PRECOPRODUTO, CODCATEGORIAPRODUTO)
values (140, 'Faixa Ponta Preta - Amarela', 25, 120);
insert into PRODUTO (CODPRODUTO, NOMEPRODUTO, PRECOPRODUTO, CODCATEGORIAPRODUTO)
values (141, 'Camiseta Treino Competição', 28, 50);
insert into PRODUTO (CODPRODUTO, NOMEPRODUTO, PRECOPRODUTO, CODCATEGORIAPRODUTO)
values (142, 'Trampolim Professional', 199, 150);
insert into PRODUTO (CODPRODUTO, NOMEPRODUTO, PRECOPRODUTO, CODCATEGORIAPRODUTO)
values (143, 'Sandália Sunray Adjust 3', 99, 150);
insert into PRODUTO (CODPRODUTO, NOMEPRODUTO, PRECOPRODUTO, CODCATEGORIAPRODUTO)
values (144, 'Bicicleta TRS Aro 26', 599, 50);
insert into PRODUTO (CODPRODUTO, NOMEPRODUTO, PRECOPRODUTO, CODCATEGORIAPRODUTO)
values (145, 'Bota Trail Dust 2', 279, 150);
insert into PRODUTO (CODPRODUTO, NOMEPRODUTO, PRECOPRODUTO, CODCATEGORIAPRODUTO)
values (146, 'Mochila Hidratação Marathon Grande', 79, 150);
insert into PRODUTO (CODPRODUTO, NOMEPRODUTO, PRECOPRODUTO, CODCATEGORIAPRODUTO)
values (147, 'Saco de Dormir Pantanal', 75, 150);
insert into PRODUTO (CODPRODUTO, NOMEPRODUTO, PRECOPRODUTO, CODCATEGORIAPRODUTO)
values (148, 'Sandália Papete Adjust 3', 79, 60);
insert into PRODUTO (CODPRODUTO, NOMEPRODUTO, PRECOPRODUTO, CODCATEGORIAPRODUTO)
values (149, 'Bolsa Térmica PVC 14L', 23, 150);
insert into PRODUTO (CODPRODUTO, NOMEPRODUTO, PRECOPRODUTO, CODCATEGORIAPRODUTO)
values (150, 'Bolsa Térmica Cap 32L', 33, 150);
insert into PRODUTO (CODPRODUTO, NOMEPRODUTO, PRECOPRODUTO, CODCATEGORIAPRODUTO)
values (151, 'Meião Lotto', 19, 80);
insert into PRODUTO (CODPRODUTO, NOMEPRODUTO, PRECOPRODUTO, CODCATEGORIAPRODUTO)
values (152, 'Munhequeira United', 29, 150);
insert into PRODUTO (CODPRODUTO, NOMEPRODUTO, PRECOPRODUTO, CODCATEGORIAPRODUTO)
values (153, 'Luva Match Junior', 49, 120);
insert into PRODUTO (CODPRODUTO, NOMEPRODUTO, PRECOPRODUTO, CODCATEGORIAPRODUTO)
values (154, 'Caneleira Slip in', 39, 150);
insert into PRODUTO (CODPRODUTO, NOMEPRODUTO, PRECOPRODUTO, CODCATEGORIAPRODUTO)
values (155, 'Tornozeleira Cadarço', 39, 50);
insert into PRODUTO (CODPRODUTO, NOMEPRODUTO, PRECOPRODUTO, CODCATEGORIAPRODUTO)
values (156, 'Saia Fiesta Skort', 89, 60);


insert into ITEM (CODPEDIDO, CODPRODUTO, QUANTIDADEITEM, VALORUNITARIOITEM)
values (1, 11, 1, 25);
insert into ITEM (CODPEDIDO, CODPRODUTO, QUANTIDADEITEM, VALORUNITARIOITEM)
values (1, 145, 1, 279);
insert into ITEM (CODPEDIDO, CODPRODUTO, QUANTIDADEITEM, VALORUNITARIOITEM)
values (2, 12, 2, 149);
insert into ITEM (CODPEDIDO, CODPRODUTO, QUANTIDADEITEM, VALORUNITARIOITEM)
values (2, 146, 2, 79);
insert into ITEM (CODPEDIDO, CODPRODUTO, QUANTIDADEITEM, VALORUNITARIOITEM)
values (3, 13, 3, 99.3);
insert into ITEM (CODPEDIDO, CODPRODUTO, QUANTIDADEITEM, VALORUNITARIOITEM)
values (3, 147, 1, 75);
insert into ITEM (CODPEDIDO, CODPRODUTO, QUANTIDADEITEM, VALORUNITARIOITEM)
values (4, 14, 4, 129);
insert into ITEM (CODPEDIDO, CODPRODUTO, QUANTIDADEITEM, VALORUNITARIOITEM)
values (4, 148, 2, 79.5);
insert into ITEM (CODPEDIDO, CODPRODUTO, QUANTIDADEITEM, VALORUNITARIOITEM)
values (5, 15, 5, 349);
insert into ITEM (CODPEDIDO, CODPRODUTO, QUANTIDADEITEM, VALORUNITARIOITEM)
values (5, 149, 1, 23);
insert into ITEM (CODPEDIDO, CODPRODUTO, QUANTIDADEITEM, VALORUNITARIOITEM)
values (6, 16, 6, 45.5);
insert into ITEM (CODPEDIDO, CODPRODUTO, QUANTIDADEITEM, VALORUNITARIOITEM)
values (6, 150, 2, 33);
insert into ITEM (CODPEDIDO, CODPRODUTO, QUANTIDADEITEM, VALORUNITARIOITEM)
values (7, 17, 7, 99.9);
insert into ITEM (CODPEDIDO, CODPRODUTO, QUANTIDADEITEM, VALORUNITARIOITEM)
values (7, 151, 1, 15.5);
insert into ITEM (CODPEDIDO, CODPRODUTO, QUANTIDADEITEM, VALORUNITARIOITEM)
values (8, 18, 8, 169.9);
insert into ITEM (CODPEDIDO, CODPRODUTO, QUANTIDADEITEM, VALORUNITARIOITEM)
values (8, 152, 2, 29);
insert into ITEM (CODPEDIDO, CODPRODUTO, QUANTIDADEITEM, VALORUNITARIOITEM)
values (9, 19, 11, 229.9);
insert into ITEM (CODPEDIDO, CODPRODUTO, QUANTIDADEITEM, VALORUNITARIOITEM)
values (9, 153, 1, 45);
insert into ITEM (CODPEDIDO, CODPRODUTO, QUANTIDADEITEM, VALORUNITARIOITEM)
values (10, 110, 12, 159);
insert into ITEM (CODPEDIDO, CODPRODUTO, QUANTIDADEITEM, VALORUNITARIOITEM)
values (10, 154, 2, 39);
insert into ITEM (CODPEDIDO, CODPRODUTO, QUANTIDADEITEM, VALORUNITARIOITEM)
values (11, 111, 13, 89);
insert into ITEM (CODPEDIDO, CODPRODUTO, QUANTIDADEITEM, VALORUNITARIOITEM)
values (11, 155, 1, 39.9);
insert into ITEM (CODPEDIDO, CODPRODUTO, QUANTIDADEITEM, VALORUNITARIOITEM)
values (12, 112, 21, 49);
insert into ITEM (CODPEDIDO, CODPRODUTO, QUANTIDADEITEM, VALORUNITARIOITEM)
values (13, 113, 22, 59);
insert into ITEM (CODPEDIDO, CODPRODUTO, QUANTIDADEITEM, VALORUNITARIOITEM)
values (14, 114, 23, 34.5);
insert into ITEM (CODPEDIDO, CODPRODUTO, QUANTIDADEITEM, VALORUNITARIOITEM)
values (15, 115, 24, 149.1);
insert into ITEM (CODPEDIDO, CODPRODUTO, QUANTIDADEITEM, VALORUNITARIOITEM)
values (16, 116, 25, 259);
insert into ITEM (CODPEDIDO, CODPRODUTO, QUANTIDADEITEM, VALORUNITARIOITEM)
values (17, 117, 26, 299);
insert into ITEM (CODPEDIDO, CODPRODUTO, QUANTIDADEITEM, VALORUNITARIOITEM)
values (18, 118, 27, 2815);
insert into ITEM (CODPEDIDO, CODPRODUTO, QUANTIDADEITEM, VALORUNITARIOITEM)
values (19, 119, 28, 77.35);
insert into ITEM (CODPEDIDO, CODPRODUTO, QUANTIDADEITEM, VALORUNITARIOITEM)
values (20, 120, 29, 49);
insert into ITEM (CODPEDIDO, CODPRODUTO, QUANTIDADEITEM, VALORUNITARIOITEM)
values (21, 121, 30, 99);
insert into ITEM (CODPEDIDO, CODPRODUTO, QUANTIDADEITEM, VALORUNITARIOITEM)
values (22, 122, 10, 300);
insert into ITEM (CODPEDIDO, CODPRODUTO, QUANTIDADEITEM, VALORUNITARIOITEM)
values (30, 132, 12, 249);
insert into ITEM (CODPEDIDO, CODPRODUTO, QUANTIDADEITEM, VALORUNITARIOITEM)
values (31, 133, 5, 328);
insert into ITEM (CODPEDIDO, CODPRODUTO, QUANTIDADEITEM, VALORUNITARIOITEM)
values (32, 134, 6, 99.9);
insert into ITEM (CODPEDIDO, CODPRODUTO, QUANTIDADEITEM, VALORUNITARIOITEM)
values (33, 135, 9, 639);
insert into ITEM (CODPEDIDO, CODPRODUTO, QUANTIDADEITEM, VALORUNITARIOITEM)
values (34, 136, 13, 225);
insert into ITEM (CODPEDIDO, CODPRODUTO, QUANTIDADEITEM, VALORUNITARIOITEM)
values (34, 124, 3, 89);
insert into ITEM (CODPEDIDO, CODPRODUTO, QUANTIDADEITEM, VALORUNITARIOITEM)
values (35, 137, 1, 100);
insert into ITEM (CODPEDIDO, CODPRODUTO, QUANTIDADEITEM, VALORUNITARIOITEM)
values (35, 125, 5, 439.9);
insert into ITEM (CODPEDIDO, CODPRODUTO, QUANTIDADEITEM, VALORUNITARIOITEM)
values (36, 138, 2, 109.9);
insert into ITEM (CODPEDIDO, CODPRODUTO, QUANTIDADEITEM, VALORUNITARIOITEM)
values (36, 126, 7, 199.5);
insert into ITEM (CODPEDIDO, CODPRODUTO, QUANTIDADEITEM, VALORUNITARIOITEM)
values (37, 139, 4, 25);
insert into ITEM (CODPEDIDO, CODPRODUTO, QUANTIDADEITEM, VALORUNITARIOITEM)
values (37, 127, 9, 14);
insert into ITEM (CODPEDIDO, CODPRODUTO, QUANTIDADEITEM, VALORUNITARIOITEM)
values (38, 140, 7, 25);
insert into ITEM (CODPEDIDO, CODPRODUTO, QUANTIDADEITEM, VALORUNITARIOITEM)
values (38, 128, 13, 16);
insert into ITEM (CODPEDIDO, CODPRODUTO, QUANTIDADEITEM, VALORUNITARIOITEM)
values (39, 141, 7, 28);
insert into ITEM (CODPEDIDO, CODPRODUTO, QUANTIDADEITEM, VALORUNITARIOITEM)
values (39, 129, 2, 49);
insert into ITEM (CODPEDIDO, CODPRODUTO, QUANTIDADEITEM, VALORUNITARIOITEM)
values (41, 123, 10, 1049);
insert into ITEM (CODPEDIDO, CODPRODUTO, QUANTIDADEITEM, VALORUNITARIOITEM)
values (41, 124, 10, 24.99);
insert into ITEM (CODPEDIDO, CODPRODUTO, QUANTIDADEITEM, VALORUNITARIOITEM)
values (43, 125, 5, 400);
insert into ITEM (CODPEDIDO, CODPRODUTO, QUANTIDADEITEM, VALORUNITARIOITEM)
values (44, 126, 6, 199);
insert into ITEM (CODPEDIDO, CODPRODUTO, QUANTIDADEITEM, VALORUNITARIOITEM)
values (45, 127, 7, 14);
insert into ITEM (CODPEDIDO, CODPRODUTO, QUANTIDADEITEM, VALORUNITARIOITEM)
values (46, 128, 8, 16);
insert into ITEM (CODPEDIDO, CODPRODUTO, QUANTIDADEITEM, VALORUNITARIOITEM)
values (47, 129, 11, 49);
insert into ITEM (CODPEDIDO, CODPRODUTO, QUANTIDADEITEM, VALORUNITARIOITEM)
values (48, 130, 12, 149);
insert into ITEM (CODPEDIDO, CODPRODUTO, QUANTIDADEITEM, VALORUNITARIOITEM)
values (49, 131, 11, 378);
insert into ITEM (CODPEDIDO, CODPRODUTO, QUANTIDADEITEM, VALORUNITARIOITEM)
values (50, 142, 8, 199);
insert into ITEM (CODPEDIDO, CODPRODUTO, QUANTIDADEITEM, VALORUNITARIOITEM)
values (50, 130, 4, 140);
insert into ITEM (CODPEDIDO, CODPRODUTO, QUANTIDADEITEM, VALORUNITARIOITEM)
values (51, 143, 9, 95);
insert into ITEM (CODPEDIDO, CODPRODUTO, QUANTIDADEITEM, VALORUNITARIOITEM)
values (51, 131, 6, 350);
insert into ITEM (CODPEDIDO, CODPRODUTO, QUANTIDADEITEM, VALORUNITARIOITEM)
values (52, 144, 10, 598.5);
insert into ITEM (CODPEDIDO, CODPRODUTO, QUANTIDADEITEM, VALORUNITARIOITEM)
values (52, 132, 10, 230);
insert into ITEM (CODPEDIDO, CODPRODUTO, QUANTIDADEITEM, VALORUNITARIOITEM)
values (102, 122, 2, 300);
insert into ITEM (CODPEDIDO, CODPRODUTO, QUANTIDADEITEM, VALORUNITARIOITEM)
values (103, 122, 6, 250);
insert into ITEM (CODPEDIDO, CODPRODUTO, QUANTIDADEITEM, VALORUNITARIOITEM)
values (104, 122, 1, 350);
insert into ITEM (CODPEDIDO, CODPRODUTO, QUANTIDADEITEM, VALORUNITARIOITEM)
values (100, 130, 10, 150);
insert into ITEM (CODPEDIDO, CODPRODUTO, QUANTIDADEITEM, VALORUNITARIOITEM)
values (101, 130, 5, 100);
insert into ITEM (CODPEDIDO, CODPRODUTO, QUANTIDADEITEM, VALORUNITARIOITEM)
values (105, 115, 2, 100);
insert into ITEM (CODPEDIDO, CODPRODUTO, QUANTIDADEITEM, VALORUNITARIOITEM)
values (106, 115, 6, 80);
insert into ITEM (CODPEDIDO, CODPRODUTO, QUANTIDADEITEM, VALORUNITARIOITEM)
values (107, 115, 1, 130);
insert into ITEM (CODPEDIDO, CODPRODUTO, QUANTIDADEITEM, VALORUNITARIOITEM)
values (108, 115, 1, 130);

